Verified employer directory	Yoxlanılmış işəgötürənlər kataloqu
Companies on ATSRS	ATSRS-dəki şirkətlər
One trusted place to explore employers,	İşəgötürənləri, rəsmi əlaqə kanallarını
 official channels and current vacancies.	və aktual vakansiyaları bir yerdə tapın.
official channels and current vacancies.	və aktual vakansiyaları bir yerdə tapın.
Company directory trust signals	Şirkətlər kataloqunun etibarlılıq göstəriciləri
Verified profiles	Yoxlanılmış profillər
Direct applications	Birbaşa müraciətlər
Live vacancy signals	Aktual vakansiya göstəriciləri
Verified employer network	Yoxlanılmış işəgötürənlər şəbəkəsi
Employer network featuring Aramco, SABIC, NEOM, Ma'aden and stc	Aramco, SABIC, NEOM, Ma'aden və stc şirkətlərinin yer aldığı işəgötürənlər şəbəkəsi
Companies shown on this page	Bu səhifədə göstərilən şirkətlər
Company filters	Şirkət filtrləri
Company name or keyword	Şirkətin adı və ya açar söz
Industry	Sahə
All industries	Bütün sahələr
All locations	Bütün məkanlar
Company size	Şirkətin ölçüsü
All sizes	Bütün ölçülər
Verified first	Əvvəlcə yoxlanılmışlar
Company name	Şirkətin adı
Companies pagination	Şirkətlər kataloqunun səhifələri
No matching companies	Uyğun şirkət tapılmadı
Companies are temporarily unavailable. Please try again.	Şirkətlər müvəqqəti olaraq əlçatan deyil. Yenidən cəhd edin.
Official public sources	Rəsmi açıq mənbələr
ATSRS company listing	ATSRS şirkət kataloqu
Published company vacancies are available in ATSRS JobSearch.	Şirkətin dərc edilmiş vakansiyaları ATSRS İş axtarışı bölməsində mövcuddur.
Hiring now	Hazırda işçi axtarır
Official careers source	Rəsmi karyera mənbəyi
Available in ATSRS	ATSRS-də mövcuddur
No active jobs	Aktiv vakansiya yoxdur
ATSRS listing	ATSRS kataloqunda
Website	Veb-sayt
Careers	Karyera
About	Haqqında
View jobs	Vakansiyalara bax
Enterprise	İri şirkət
Mid-market	Orta ölçülü şirkət
Small company	Kiçik şirkət
