Dashboard	İdarəetmə paneli
JobSearch	İş axtarışı
Recruiters	İşə qəbul mütəxəssisləri
Companies	Şirkətlər
Documents	Sənədlər
References	Tövsiyələr
Profile	Profil
Developer	Tərtibatçı
Product Updates	Yeniliklər
Privacy	Məxfilik
Support	Dəstək
Plans and pricing	Planlar və qiymətlər
Quick Links	Sürətli keçidlər
Toggle menu	Menyunu aç və ya bağla
Global opportunity catalogue	Qlobal vakansiya kataloqu
Worldwide JobSearch	Beynəlxalq iş axtarışı
Search opportunities across borders with location-aware results, recruiter details and country-specific requirements.	Məkan, işə qəbul mütəxəssisləri və ölkələr üzrə tələbləri nəzərə alaraq dünyanın müxtəlif yerlərində iş imkanları axtarın.
Browse jobs by region	Region üzrə vakansiyalara bax
Jobs data snapshot	Vakansiya sayı
Worldwide	Bütün dünya
Europe & Central Asia	Avropa və Mərkəzi Asiya
Middle East	Yaxın Şərq
Africa	Afrika
Asia-Pacific	Asiya və Sakit okean
North America	Şimali Amerika
Latin America & Caribbean	Latın Amerikası və Karib hövzəsi
Remote / Worldwide	Məsafədən / Bütün dünya
Other locations	Digər məkanlar
All jobs	Bütün vakansiyalar
Job filters	Vakansiya filtrləri
Search	Axtarış
Job title or role	Vəzifə adı
Role	Vəzifə
Region	Region
Country	Ölkə
City / location	Şəhər / məkan
All roles	Bütün vəzifələr
All regions	Bütün regionlar
All countries	Bütün ölkələr
All cities / locations	Bütün şəhərlər / məkanlar
Clear filters	Filtrləri təmizlə
Additional job filters	Əlavə vakansiya filtrləri
Company	Şirkət
Recruiter	İşə qəbul mütəxəssisi
All companies	Bütün şirkətlər
All recruiters	Bütün işə qəbul mütəxəssisləri
Date posted	Dərc tarixi
Any time	İstənilən vaxt
Last 24 hours	Son 24 saat
Last 3 days	Son 3 gün
Last 7 days	Son 7 gün
Last 30 days	Son 30 gün
Worksite	İş yeri
Onshore	Quruda
New jobs only	Yalnız yeni vakansiyalar
Jobs view	Vakansiyaların görünüşü
Cards	Kartlar
List	Siyahı
No candidate placement fee	Namizədlərdən işə düzəltmə haqqı alınmır
ATSRS does not charge candidates commission or placement fees.	ATSRS namizədlərdən komissiya və ya işə düzəltmə haqqı almır.
View billing terms	Ödəniş şərtlərinə bax
Jobs pagination	Vakansiya səhifələri
Previous	Əvvəlki
Next	Növbəti
Previous page	Əvvəlki səhifə
Next page	Növbəti səhifə
No matching opportunities	Uyğun vakansiya tapılmadı
Clear the filters and try another search.	Filtrləri təmizləyin və başqa axtarış edin.
Jobs are temporarily unavailable. Please try again.	Vakansiyalar müvəqqəti olaraq əlçatan deyil. Yenidən cəhd edin.
